foodnames,Christmas Cake
foodnames,Banana Sour Cream Bread
foodnames,"Best Big, Fat, Chewy Chocolate Chip Cookie"
foodnames,Peppermint Brittle
foodnames,Banana Banana Bread
foodnames,Mom's Zucchini Bread
foodnames,Iced Pumpkin Cookies
foodnames,The Best Rolled Sugar Cookies
foodnames,Banana Crumb Muffins
foodnames,Annie's Fruit Salsa and Cinnamon Chips
foodnames,Easy Sugar Cookies
foodnames,Beth's Spicy Oatmeal Raisin Cookies
foodnames,Brooke's Best Bombshell Brownies
foodnames,Award Winning Sodiumft Chocolate Chip Cookies
foodnames,Amazingly Good Eggnog
foodnames,Chantal's New York Cheesecake
foodnames,Eggnog Cheesecake III
foodnames,Amish White Bread
foodnames,Big Soft Ginger Cookies
foodnames,Best Chocolate Chip Cookies
foodnames,Grandma's Gingerbread Pancakes
foodnames,Janet's Rich Banana Bread
foodnames,Marzipan Christmas Kringle (Juleskringle)
foodnames,Christmas Stollen
foodnames,Carrot Cake III
foodnames,Buche de Noel
foodnames,Anise Walnut Biscotti
foodnames,"Awesome Sausage, Apple and Cranberry Stuffing"
foodnames,Yummy Sweet Potato Casserole
foodnames,Perfect Turkey
foodnames,Sweet Dinner Rolls
foodnames,Patti's Triple Cranberry Sauce
foodnames,Extreme Banana Nut Bread 'EBNB'
foodnames,Truly Delicious Brussels Sprouts
foodnames,Iced Pumpkin Cookies
foodnames,Roasted Brussels Sprouts
foodnames,Mouth-Watering Stuffed Mushrooms
foodnames,Chef John's Make-Ahead Turkey Gravy
foodnames,Holiday Dressing
foodnames,Pecan Pie V
foodnames,Apple Pie by Grandma Ople
foodnames,Perfect Pumpkin Pie
foodnames,Double Layer Pumpkin Cheesecake
foodnames,Grandma's Green Bean Casserole
foodnames,Gourmet Sweet Potato Classic
foodnames,Awesome and Easy Creamy Corn Casserole
foodnames,Fresh Southern Peach Cobbler
foodnames,Bread Pudding II
foodnames,Sweet Potato Pie I
foodnames,"Homestyle Turkey, the Michigander Way"
foodnames,Grandmother's Buttermilk Cornbread
foodnames,Homesteader Cornbread
foodnames,Pumpkin Gingerbread
foodnames,Chef John's Oysters Rockefeller
foodnames,Egg and Sausage Casserole
foodnames,Creamy Hot Cocoa
foodnames,Vanilla Crepes
foodnames,Fried Cabbage II
foodnames,Crepes
foodnames,King Crab Appetizers
foodnames,Charleston Breakfast Casserole
foodnames,Dessert Crepes
foodnames,Blue Cheese and Pear Tartlets
foodnames,Perfect Crab-Stuffed Mushrooms
foodnames,Baked Kale Chips
foodnames,Mouth-Watering Stuffed Mushrooms
foodnames,Artichoke Bruschetta
foodnames,Ethiopian Cabbage Dish
foodnames,Sausage Casserole
foodnames,Best Lemonade Ever
foodnames,Gourmet Sweet Potato Classic
foodnames,Sausage Egg Casserole
foodnames,Cheesy Ham and Hash Brown Casserole
foodnames,Basic Crepes
foodnames,Wassail Punch
foodnames,Brie Cheese Appetizer
foodnames,Roasted Vegetables
foodnames,Southern Fried Cabbage
foodnames,Brown Sugar Smokies
foodnames,Artichoke & Spinach Dip Restaurant Style
foodnames,Jalapeno Popper Spread
foodnames,Hot Artichoke and Spinach Dip II
foodnames,It's Chili by George!!
foodnames,Slow Cooker Pulled Pork
foodnames,BBQ Pork for Sandwiches
foodnames,Brat Nachos
foodnames,Boilermaker Tailgate Chili
foodnames,Annie's Fruit Salsa and Cinnamon Chips
foodnames,Mouth-Watering Stuffed Mushrooms
foodnames,Slow Cooker Buffalo Chicken Sandwiches
foodnames,Restaurant-Style Buffalo Chicken Wings
foodnames,Buffalo Chicken Dip
foodnames,Debdoozie's Blue Ribbon Chili
foodnames,Touchdown Pizza
foodnames,Caramelized Baked Chicken
foodnames,Cha Cha's White Chicken Chili
foodnames,Slow Cooker Chicken Taco Soup
foodnames,Best Brownies
foodnames,Hot Pizza Dip
foodnames,Japanese Chicken Wings
foodnames,Slow Cooker Texas Pulled Pork
foodnames,Bacon Wrapped Smokies
foodnames,Bacon Cheddar Deviled Eggs
foodnames,Flatlander Chili
foodnames,Fluffy Pancakes
foodnames,Tomatoes and Bacon Egg Muffins
foodnames,Banana Sour Cream Bread
foodnames,Pumpkin Pancakes
foodnames,Waffles I
foodnames,Orange Pecan French Toast
foodnames,French Toast Casserole
foodnames,Clone of a Cinnabon
foodnames,Mom's Zucchini Bread
foodnames,Banana Pancakes I
foodnames,French Toast I
foodnames,Baked French Toast
foodnames,Fluffy French Toast
foodnames,Belgian Waffles
foodnames,Good Old Fashioned Pancakes
foodnames,Classic Waffles
foodnames,Pumpkin Bread IV
foodnames,Monkey Bread I
foodnames,Sausage Egg Casserole
foodnames,Christmas Breakfast Sausage Casserole
foodnames,Buttermilk Pancakes II
foodnames,Basic Crepes
foodnames,Sweet and Sassy Hash Browns
foodnames,Baked Brunch Omelet
foodnames,Overnight Blueberry French Toast
foodnames,Downeast Maine Pumpkin Bread
foodnames,Cheesy Ham and Hash Brown Casserole
foodnames,Authentic Mexican Breakfast Tacos
foodnames,Chef John's Baked Eggs
foodnames,Sausage Balls
foodnames,Baked Pork Chops I
foodnames,Awesome Slow Cooker Pot Roast
foodnames,Angela's Awesome Enchiladas
foodnames,Chicken Marsala
foodnames,Shrimp and Feta Cheese Pasta
foodnames,Sweet and Sour Pork III
foodnames,Braised Balsamic Chicken
foodnames,Garlic Prime Rib
foodnames,Slow Cooker Pulled Pork
foodnames,Grilled Salmon I
foodnames,Baked Teriyaki Chicken
foodnames,Garlic Chicken
foodnames,World's Best Lasagna
foodnames,Chicken Cordon Bleu II
foodnames,Baked Ziti I
foodnames,Chicken Enchiladas II
foodnames,Sloppy Joes II
foodnames,Slow Cooker Pot Roast
foodnames,Salsa Chicken
foodnames,Brown Sugar Meatloaf
foodnames,Peppered Shrimp Alfredo
foodnames,Zesty Slow Cooker Chicken Barbecue
foodnames,Easy Meatloaf
foodnames,Maple Salmon
foodnames,Marinated Tuna Steak
foodnames,Broiled Tilapia Parmesan
foodnames,Roast Sticky Chicken-Rotisserie Style
foodnames,Baked Dijon Salmon
foodnames,Chicken Breasts with Balsamic Vinegar and Garlic
foodnames,Famous Butter Chicken
foodnames,Pumpkin Spice Cupcakes With Cream Cheese Frosting
foodnames,"Best Big, Fat, Chewy Chocolate Chip Cookie"
foodnames,Soft Oatmeal Cookies
foodnames,Aunt Joyce's Chocolate Cake
foodnames,Iced Pumpkin Cookies
foodnames,Apple Crisp II
foodnames,Best Chocolate Chip Cookies
foodnames,Chewy Chocolate Chip Oatmeal Cookies
foodnames,Peanut Blossoms II
foodnames,Apple Slab Pie
foodnames,Mrs. Sigg's Snickerdoodles
foodnames,Creamy Rice Pudding
foodnames,Easy Sugar Cookies
foodnames,Beth's Spicy Oatmeal Raisin Cookies
foodnames,Apple Crisp Cups
foodnames,Brooke's Best Bombshell Brownies
foodnames,Award Winning Soft Chocolate Chip Cookies
foodnames,Apple Pie by Grandma Ople
foodnames,Country Apple Dumplings
foodnames,Autumn Cheesecake
foodnames,Chantal's New York Cheesecake
foodnames,Big Soft Ginger Cookies
foodnames,Apple Harvest Pound Cake with Caramel Glaze
foodnames,The Best Rolled Sugar Cookies
foodnames,Black Magic Cake
foodnames,Carrot Cake III
foodnames,Peanut Butter Cup Cookies
foodnames,Best Brownies
foodnames,Zucchini Brownies
foodnames,Moroccan Tagine
foodnames,Slow Cooker Chicken Marrakesh
foodnames,Mixed Vegetable Salad II
foodnames,Whole Wheat and Honey Pizza Dough
foodnames,Red Lentil Curry
foodnames,Baked Sweet Potato Sticks
foodnames,Roasted Sweet Potato Corn Chowder
foodnames,Insanely Easy Vegetarian Chili
foodnames,Microwave Popcorn
foodnames,All-Star Veggie Burger
foodnames,Shredded Potato Salmon Cakes
foodnames,Spinach and Leek White Bean Soup
foodnames,Chicken Fiesta Salad
foodnames,Cranberry and Cilantro Quinoa Salad
foodnames,Peach and Berry Salad
foodnames,Spicy Baked Sweet Potato Fries
foodnames,Spicy Chicken Breasts
foodnames,Zucchini Saute
foodnames,Yakisoba Chicken
foodnames,Homemade Black Bean Veggie Burgers
foodnames,Black Beans and Rice
foodnames,Baked Tortilla Chips
foodnames,Chickpea Curry
foodnames,Spinach Lentil Soup
foodnames,Stuffed Peppers
foodnames,Sauteed Apples
foodnames,Garbanzo Bean Chocolate Cake (Gluten Free!)
foodnames,BBQ Pork for Sandwiches
foodnames,Barbecued Beef
foodnames,Lamb Chops with Balsamic Reduction
foodnames,Grilled Marinated Shrimp
foodnames,Baked Kale Chips
foodnames,Roasted Brussels Sprouts
foodnames,Delicious Gluten-Free Pancakes
foodnames,Cabbage Rolls II
foodnames,Juicy Roasted Chicken
foodnames,Gluten-Free Peanut Butter Cookies
foodnames,Cabbage Roll Casserole
foodnames,Gluten-Free Cheese and Herb Pizza Crust
foodnames,Sarah's Applesauce
foodnames,Refried Beans Without the Refry
foodnames,Caramel Apple Pork Chops
foodnames,Baked Slow Cooker Chicken
foodnames,Quinoa and Black Beans
foodnames,Foolproof Rib Roast
foodnames,Gluten Free Sausage Gravy
foodnames,Black Bean Brownies
foodnames,Quinoa with Asian Flavors
foodnames,Baked Honey Mustard Chicken
foodnames,Braised Balsamic Chicken
foodnames,Fish Tacos
foodnames,Blueberry and Banana Steel Cut Oats
foodnames,Orange Roasted Salmon
foodnames,Burgundy Pork Tenderloin
foodnames,Six Can Chicken Tortilla Soup
foodnames,Chicken and Sausage with Bowties
foodnames,Baked Kale Chips
foodnames,Annie's Fruit Salsa and Cinnamon Chips
foodnames,Unbelievable Chicken
foodnames,Black Bean and Salsa Soup
foodnames,Playgroup Granola Bars
foodnames,Amazing Pork Tenderloin in the Slow Cooker
foodnames,Simple Lemon Herb Chicken
foodnames,Homemade Black Bean Veggie Burgers
foodnames,Sarah's Applesauce
foodnames,Simple Whole Wheat Bread
foodnames,Refried Beans Without the Refry
foodnames,Pesto Chicken Florentine
foodnames,Ginger Glazed Mahi Mahi
foodnames,Quinoa and Black Beans
foodnames,Maple Salmon
foodnames,Baked Honey Mustard Chicken
foodnames,Szechwan Shrimp
foodnames,Roasted Garlic Cauliflower
foodnames,Spaghetti Squash I
foodnames,Baked Asparagus with Balsamic Butter Sauce
foodnames,Brick-Oven Pizza (Brooklyn Style)
foodnames,Baked Kale Chips
foodnames,Roasted Brussels Sprouts
foodnames,Fluffy French Toast
foodnames,Lemon Garlic Tilapia
foodnames,Chicken Breasts Pierre
foodnames,Grilled Asparagus
foodnames,Grandma's Green Bean Casserole
foodnames,Zucchini Boats on the Grill
foodnames,Beer Lime Grilled Chicken
foodnames,Amazing Pork Tenderloin in the Slow Cooker
foodnames,Homemade Black Bean Veggie Burgers
foodnames,Sarah's Applesauce
foodnames,Pretzel Turtles
foodnames,Refried Beans Without the Refry
foodnames,Quinoa and Black Beans
foodnames,Honey Roasted Red Potatoes
foodnames,Thai Beef
foodnames,Chocolate Crinkles II
foodnames,Roasted Vegetables
foodnames,Tasty Collard Greens
foodnames,Pollo Fajitas
foodnames,Roasted Spicy Salsa Verde
foodnames,Seared Scallops with Tropical Salsa
foodnames,Best Spanish Rice
foodnames,Red Lentil Curry
foodnames,Baked Honey Mustard Chicken
foodnames,Szechwan Shrimp
foodnames,Almost No Fat Banana Bread
foodnames,Easy Grilled Chicken
foodnames,The Ultimate Chili
foodnames,Roasted Vegetable Medley
foodnames,Split Pea Soup
foodnames,Jay's Signature Pizza Crust
foodnames,Mexican Rice III
foodnames,Black Beans and Rice
foodnames,Blackened Chicken
foodnames,Fluffy French Toast
foodnames,Cabbage Fat-Burning Soup
foodnames,Slow Cooker Cilantro Lime Chicken
foodnames,Amazing Pork Tenderloin in the Slow Cooker
foodnames,Homemade Black Bean Veggie Burgers
foodnames,Sarah's Applesauce
foodnames,Pretzel Turtles¢ç
foodnames,Refried Beans Without the Refry
foodnames,Gary's Turkey Burritos
foodnames,Slow Cooker Turkey Breast
foodnames,Quinoa and Black Beans
foodnames,Chocolate Crinkles II
foodnames,Pineapple Chicken Tenders
foodnames,Slow Cooker Beef Pot Roast
foodnames,Awesome Slow Cooker Pot Roast
foodnames,Bolognese Stuffed Bell Peppers
foodnames,Boilermaker Tailgate Chili
foodnames,It's Chili by George!!
foodnames,Shepherd's Pie VI
foodnames,Slow Cooker Beef Stroganoff I
foodnames,Easy Slow Cooker French Dip
foodnames,Beef Stew VI
foodnames,Hamburger Steak with Onions and Gravy
foodnames,World's Best Lasagna
foodnames,Italian Spaghetti Sauce with Meatballs
foodnames,Baked Ziti I
foodnames,Salisbury Steak
foodnames,Cuban Beef Stew
foodnames,Slow Cooker Beef Stew I
foodnames,Stuffed Green Peppers I
foodnames,Meatball Nirvana
foodnames,Crispy Orange Beef
foodnames,Debdoozie's Blue Ribbon Chili
foodnames,Sloppy Joes II
foodnames,Brown Sugar Meatloaf
foodnames,Slow-Cooker Pepper Steak
foodnames,Easy Meatloaf
foodnames,Chef John's Classic Beef Stroganoff
foodnames,Filet Mignon with Rich Balsamic Glaze
foodnames,Rempel Family Meatloaf
foodnames,Burrito Pie
foodnames,Slow Cooker Italian Beef for Sandwiches
foodnames,Slow Cooker Salisbury Steak
foodnames,Chicken Marsala
foodnames,Curried Coconut Chicken
foodnames,Restaurant-Style Buffalo Chicken Wings
foodnames,Braised Balsamic Chicken
foodnames,Chicken Pot Pie IX
foodnames,Slow Cooker Chicken Stroganoff
foodnames,Baked Teriyaki Chicken
foodnames,"Sweet, Sticky and Spicy Chicken"
foodnames,Slow Cooker Chicken and Dumplings
foodnames,Garlic Chicken
foodnames,Chicken Cordon Bleu II
foodnames,Angel Chicken Pasta
foodnames,Mom's Fabulous Chicken Pot Pie with Biscuit Crust
foodnames,Roast Chicken with Thyme and Onions
foodnames,Chicken Enchiladas II
foodnames,Chef John's Chicken Marsala
foodnames,Slow-Cooker Chicken Tortilla Soup
foodnames,Chicken Breasts Pierre
foodnames,Tender Italian Baked Chicken
foodnames,Rosemary Ranch Chicken Kabobs
foodnames,Salsa Chicken
foodnames,Slow Cooker Chicken Taco Soup
foodnames,Chicken Piccata with Artichoke Hearts
foodnames,Healthy Mexican Chicken Bake
foodnames,Zesty Slow Cooker Chicken Barbecue
foodnames,Slow Cooker Belgian Chicken Booyah
foodnames,Chicken and Bow Tie Pasta
foodnames,Buffalo Chicken Dip
foodnames,Roast Sticky Chicken-Rotisserie Style
foodnames,Chicken Breasts with Balsamic Vinegar and Garlic
foodnames,Cajun Chicken Pasta
foodnames,Easy and Quick Halushki
foodnames,Easy Lasagna II
foodnames,Orzo with Parmesan and Basil
foodnames,Chicken Fettuccini Alfredo
foodnames,Best Tuna Casserole
foodnames,Stuffed Shells III
foodnames,Homemade Mac and Cheese
foodnames,Angel Chicken Pasta
foodnames,Italian Spaghetti Sauce with Meatballs
foodnames,Baked Ziti I
foodnames,Spinach Tomato Tortellini
foodnames,Chicken Noodle Casserole I
foodnames,Jamie's Minestrone
foodnames,Quick and Easy Chicken Noodle Soup
foodnames,Chuck's Favorite Mac and Cheese
foodnames,Classic Macaroni Salad
foodnames,Chef John's Pasta Primavera
foodnames,Chicken Milano
foodnames,Chef John's Macaroni and Cheese
foodnames,Alfredo Sauce
foodnames,Red Pepper-Salmon Pasta
foodnames,Peppered Shrimp Alfredo
foodnames,Pesto Chicken Florentine
foodnames,Italian Sausage Soup with Tortellini
foodnames,Pizza Casserole
foodnames,Puttanesca I
foodnames,Cajun Chicken Pasta
foodnames,"Bow Ties with Sausage, Tomatoes and Cream"
foodnames,To Die For Fettuccine Alfredo
foodnames,Baked Pork Chops I
foodnames,Marinated Baked Pork Chops
foodnames,Brown Sugar Smokies
foodnames,Sweet and Sour Pork III
foodnames,Aussie Chicken
foodnames,Slow Cooker Pulled Pork
foodnames,BBQ Pork for Sandwiches
foodnames,Super-Delicious Zuppa Toscana
foodnames,Apple Butter Pork Loin
foodnames,Italian Breaded Pork Chops
foodnames,Baked Potato Soup I
foodnames,Absolutely Ultimate Potato Soup
foodnames,Italian Sausage Soup
foodnames,Apple Cider Sauce and Pork Loin Chops
foodnames,Portuguese Pork with Red Peppers
foodnames,Puerto Rican Pork Roast
foodnames,Amazing Ribs
foodnames,Amazing Pork Tenderloin in the Slow Cooker
foodnames,Pork Tenderloin alla Napoli
foodnames,Delicious Ham and Potato Soup
foodnames,Italian Sausage Soup with Tortellini
foodnames,Caramel Apple Pork Chops
foodnames,Balsamic Roasted Pork Loin
foodnames,Cheesy Ham and Hash Brown Casserole
foodnames,"Bow Ties with Sausage, Tomatoes and Cream"
foodnames,Slow Cooker Texas Pulled Pork
foodnames,Bacon Wrapped Smokies
foodnames,Tomato Basil Salmon
foodnames,Alaska Salmon Bake with Pecan Crunch Coating
foodnames,Fast Salmon with a Ginger Glaze
foodnames,Baked Salmon Fillets Dijon
foodnames,Salmon with Lemon and Dill
foodnames,Baked Dijon Salmon
foodnames,Salmon with Dill
foodnames,Grilled Salmon I
foodnames,Oregon Salmon Patties
foodnames,Heather's Grilled Salmon
foodnames,Potato Salmon Patties
foodnames,Firecracker Grilled Alaska Salmon
foodnames,Salmon Cakes II
foodnames,Baked Salmon II
foodnames,Dill Poached Salmon
foodnames,Asian Salmon
foodnames,Herbed Salmon
foodnames,Salmon Chowder
foodnames,Grilled Salmon with Avocado Dip
foodnames,Garlic Salmon
foodnames,Balsamic-Glazed Salmon Fillets
foodnames,Salmon with Brown Sugar Glaze
foodnames,Marinated Wild Salmon
foodnames,Cedar Planked Salmon
foodnames,Grilled Salmon Kyoto
foodnames,Maple Salmon
foodnames,Pepper-Honey Cedar Plank Salmon
foodnames,Blackened Salmon Fillets
foodnames,Grilled Salmon II
foodnames,Lemon Rosemary Salmon
foodnames,Fluffy Pancakes
foodnames,Scones
foodnames,Banana Sour Cream Bread
foodnames,Lemon Zucchini Bread
foodnames,Waffles I
foodnames,Good Old Fashioned Pancakes
foodnames,Chef John's Banana Bread
foodnames,To Die For Blueberry Muffins
foodnames,Clone of a Cinnabon
foodnames,Banana Banana Bread
foodnames,Golden Sweet Cornbread
foodnames,J.P.'s Big Daddy Biscuits
foodnames,Banana Crumb Muffins
foodnames,Italian Bread Bowls
foodnames,Sweet Dinner Rolls
foodnames,No Knead Beer Bread
foodnames,Best Bread Machine Bread
foodnames,Amish White Bread
foodnames,Banana Muffins II
foodnames,Buttermilk Pancakes II
foodnames,Mom's Zucchini Bread
foodnames,Janet's Rich Banana Bread
foodnames,Basic Crepes
foodnames,Decadent Challah Bread
foodnames,Downeast Maine Pumpkin Bread
foodnames,Whole Wheat Honey Bread
foodnames,Grandmother's Buttermilk Cornbread
foodnames,Monkey Bread I
foodnames,German Chocolate Cake III
foodnames,Cake Balls
foodnames,Sam's Famous Carrot Cake
foodnames,Tiramisu Layer Cake
foodnames,Ultimate Cranberry Pudding Cake
foodnames,Incredibly Delicious Italian Cream Cake
foodnames,A Plus Carrot Cake
foodnames,Dark Chocolate Cake I
foodnames,Extreme Chocolate Cake
foodnames,Eggnog Cheesecake III
foodnames,Double Layer Pumpkin Cheesecake
foodnames,Chantal's New York Cheesecake
foodnames,Chocolate Cavity Maker Cake
foodnames,Banana Cake VI
foodnames,One Bowl Chocolate Cake III
foodnames,Satiny Chocolate Glaze
foodnames,Black Magic Cake
foodnames,Sopapilla Cheesecake Pie
foodnames,Simple White Cake
foodnames,Favorite Old Fashioned Gingerbread
foodnames,Carrot Cake III
foodnames,White Fruit Cake
foodnames,Golden Rum Cake
foodnames,Cream Cheese Pound Cake III
foodnames,Authentic German Potato Salad
foodnames,Antipasto Pasta Salad
foodnames,Fresh Broccoli Salad
foodnames,Bodacious Broccoli Salad
foodnames,"Quinoa Salad with Grapefruit, Avocado, and Arugula"
foodnames,Alyson's Broccoli Salad
foodnames,Sesame Pasta Chicken Salad
foodnames,Caesar Salad Supreme
foodnames,Jamie's Cranberry Spinach Salad
foodnames,Classic Macaroni Salad
foodnames,"Curried Cashew, Pear, and Grape Salad"
foodnames,Bacon Ranch Pasta Salad
foodnames,Delicious Egg Salad for Sandwiches
foodnames,Roquefort Pear Salad
foodnames,Authentic German Potato Salad
foodnames,Creamy Chicken and Wild Rice Soup
foodnames,It's Chili by George!!
foodnames,Broccoli Cheese Soup
foodnames,Butternut Squash Bisque
foodnames,Super-Delicious Zuppa Toscana
foodnames,Ham and Split Pea Soup Recipe - A Great Soup
foodnames,French Onion Soup Gratinee
foodnames,Slow Cooker Chicken and Dumplings
foodnames,Catherine's Spicy Chicken Soup
foodnames,Boilermaker Tailgate Chili
foodnames,Colleen's Slow Cooker Jambalaya
foodnames,Lentil and Sausage Soup
foodnames,Chef John's Turkey Chili
foodnames,Italian Sausage Soup
foodnames,Italian Sausage Soup with Tortellini
foodnames,Slow-Cooker Chicken Tortilla Soup
foodnames,Slow Cooker Beef Stew I
foodnames,Ken's Kickin' Posole
foodnames,Quick and Easy Chicken Noodle Soup
foodnames,Baked Beef Stew
foodnames,Debdoozie's Blue Ribbon Chili
foodnames,Roasted Butternut Squash Soup with Apples and Bacon
foodnames,Jamie's Minestrone
foodnames,Cha Cha's White Chicken Chili
foodnames,Delicious Ham and Potato Soup
foodnames,Butternut Squash Soup
foodnames,Beef Stew VI
foodnames,Brazilian Black Bean Stew
foodnames,Slow Cooker Chicken Taco Soup
foodnames,Baked Potato Soup I
foodnames,Red Lentil Curry
foodnames,Chicken Tikka Masala
foodnames,Curried Coconut Chicken
foodnames,Broccoli with Garlic Butter and Cashews
foodnames,Kung Pao Chicken
foodnames,Szechwan Shrimp
foodnames,Chinese Chicken Fried Rice II
foodnames,Asian Beef with Snow Peas
foodnames,Sinigang na Baka
foodnames,Mulligatawny Soup I
foodnames,Mie Goreng - Indonesian Fried Noodles
foodnames,Asian Orange Chicken
foodnames,Naan
foodnames,Chicken Makhani (Indian Butter Chicken)
foodnames,Asian Lettuce Wraps
foodnames,Beef Yakitori
foodnames,Fried Rice Restaurant Style
foodnames,Sesame Pasta Chicken Salad
foodnames,Gyoza
foodnames,Indian Chicken Curry II
foodnames,Japanese Chicken Wings
foodnames,Thai Ginger Chicken (Gai Pad King)
foodnames,Peanut Butter Noodles
foodnames,Kalbi (Korean BBQ Short Ribs)
foodnames,Sweet and Sour Chicken I
foodnames,Vegetarian Korma
foodnames,Mama's Asian Chicken and Rice
foodnames,Chicken Katsu
foodnames,Indian Chicken Curry (Murgh Kari)
foodnames,Chicken Tikka Masala
foodnames,Indian Style Basmati Rice
foodnames,Sweet Tamarind Chutney
foodnames,Easy Indian Style Okra
foodnames,Baingan Bharta (Eggplant Curry)
foodnames,Curry Stand Chicken Tikka Masala Sauce
foodnames,Red Lentil Curry
foodnames,Mulligatawny Soup I
foodnames,Carrot Rice
foodnames,Easy Indian Butter Chicken
foodnames,Gobi Aloo (Indian Style Cauliflower with Potatoes)
foodnames,Chicken Makhani (Indian Butter Chicken)
foodnames,Grilled Chicken Thighs Tandoori
foodnames,Potato Chapati Bread
foodnames,Indian Chicken Curry II
foodnames,Maharaja Curry
foodnames,Indian Chickpeas
foodnames,Naan
foodnames,Spicy Vegan Potato Curry
foodnames,Slow Cooker Butter Chicken
foodnames,Indian Tomato Chicken
foodnames,Vegetarian Korma
foodnames,Aloo Phujia
foodnames,Chickpea Curry
foodnames,Kheer (Rice Pudding)
foodnames,Spicy Indian Chicken and Mango Curry
foodnames,Coconut Tofu Keema
foodnames,Chicken Marsala
foodnames,Pizza Dough I
foodnames,Jay's Signature Pizza Crust
foodnames,Cinnamon Hazelnut Biscotti
foodnames,White Cheese Chicken Lasagna
foodnames,Super-Delicious Zuppa Toscana
foodnames,Italian Breaded Pork Chops
foodnames,World's Best Lasagna
foodnames,Italian Spaghetti Sauce with Meatballs
foodnames,Zuppa Toscana
foodnames,Italian Sausage Soup
foodnames,Bruschetta with Roasted Sweet Red Peppers
foodnames,Gourmet Mushroom Risotto
foodnames,Slow Cooker Italian Beef for Sandwiches
foodnames,Chicken Milano
foodnames,Eggplant Parmesan II
foodnames,Double Tomato Bruschetta
foodnames,American Lasagna
foodnames,Jamie's Minestrone
foodnames,"Italian Sausage, Peppers, and Onions"
foodnames,Italian Sausage Soup with Tortellini
foodnames,"Bow Ties with Sausage, Tomatoes and Cream"
foodnames,Garlic Cheddar Chicken
foodnames,Tofu Parmigiana
foodnames,Angela's Awesome Enchiladas
foodnames,Chicken Enchiladas I
foodnames,Fish Tacos
foodnames,Mexican Rice II
foodnames,Enchiladas Verdes
foodnames,Mexican Rice
foodnames,Catherine's Spicy Chicken Soup
foodnames,Addictive Sweet Potato Burritos
foodnames,Annie's Fruit Salsa and Cinnamon Chips
foodnames,Frijoles de Olla
foodnames,Fish Tacos with Honey-Cumin Cilantro Slaw and Chipotle Mayo
foodnames,Chicken Enchiladas II
foodnames,Avocado Paletas
foodnames,Slow-Cooker Chicken Tortilla Soup
foodnames,Salsa Chicken
foodnames,Lime Chicken Soft Tacos
foodnames,Simple Carnitas
foodnames,Delicious Black Bean Burritos
foodnames,Calabacitas con Elote (Zucchini with Corn)
foodnames,Refried Beans Without the Refry
foodnames,Burrito Pie
foodnames,Slow Cooker Chicken Taco Soup
foodnames,Pollo Fajitas
foodnames,Key West Chicken
foodnames,Authentic Louisiana Red Beans and Rice
foodnames,Sweet Dinner Rolls
foodnames,Bananas Foster II
foodnames,Kentucky Biscuits
foodnames,Colleen's Slow Cooker Jambalaya
foodnames,Bubba's Jambalaya
foodnames,Kentucky Butter Cake
foodnames,Fresh Southern Peach Cobbler
foodnames,The Best Chicken Fried Steak
foodnames,Sweet Potato Pie I
foodnames,Blackberry Cobbler II
foodnames,Smooth Sweet Tea
foodnames,Kickin' Collard Greens
foodnames,Scott Hibb's Amazing Whisky Grilled Baby Back Ribs
foodnames,Garlic Chicken Fried Chicken
foodnames,Best Fried Green Tomatoes
foodnames,Grandmother's Buttermilk Cornbread
foodnames,Tangy Honey Glazed Ham
foodnames,Easy Cajun Jambalaya
foodnames,Mayonnaise Biscuits
foodnames,Peach Cobbler VI
foodnames,Slow Cooker Creamed Corn
foodnames,Southern Pulled Pork
foodnames,Old Charleston Style Shrimp and Grits
foodnames,Roasted Okra
foodnames,Barlow's Blackened Catfish
